{"cameraMode":{"drawMode":0,"name":"Shaded","section":"Shading Mode"},"sceneLighting":true,"audioPlay":false,"sceneViewState":{"showFog":true,"showMaterialUpdate":false,"showSkybox":true,"showFlares":true,"showImageEffects":true,"showParticleSystems":true},"in2DMode":false,"pivot":{"x":11.152616500854493,"y":15.700443267822266,"z":-60.53083038330078},"rotation":{"x":-0.004890755750238895,"y":-0.9928394556045532,"z":0.04352063313126564,"w":-0.11147157847881317},"size":4.522336959838867,"orthographic":false}