{"cameraMode":{"drawMode":0,"name":"Shaded","section":"Shading Mode"},"sceneLighting":true,"audioPlay":false,"sceneViewState":{"showFog":true,"showMaterialUpdate":false,"showSkybox":true,"showFlares":true,"showImageEffects":true,"showParticleSystems":true},"in2DMode":false,"pivot":{"x":42.672489166259769,"y":86.54823303222656,"z":-148.66636657714845},"rotation":{"x":0.31367579102516177,"y":0.4995177090167999,"z":-0.20024868845939637,"w":0.7823326587677002},"size":10.0,"orthographic":false}